Name,Chip manufacturer,Owner,Start date,End date,Compute estimate in H100e (median),H100e (5th percentile),H100e (95th percentile),Number of Units,Number of Units (5th percentile),Number of Units (95th percentile),Chip type,Incomplete,Source / Link,Notes,Last Modified By,Last Modified
Microsoft A100 cumulative through Q1 2022,Nvidia,Microsoft,1/1/2022,3/31/2022,14769,8717,24931,46839,27647,79068,A100,,,Estimates generated on: 03-26-2026 16:30,,
Meta A100 cumulative through Q1 2022,Nvidia,Meta,1/1/2022,3/31/2022,7759,4573,13410,24610,14505,42530,A100,,,Estimates generated on: 03-26-2026 16:30,,
Amazon A100 cumulative through Q1 2022,Nvidia,Amazon,1/1/2022,3/31/2022,5639,3345,9665,17885,10611,30654,A100,,,Estimates generated on: 03-26-2026 16:30,,
Google A100 cumulative through Q1 2022,Nvidia,Google,1/1/2022,3/31/2022,5700,3369,9523,18078,10686,30202,A100,,,Estimates generated on: 03-26-2026 16:30,,
China (official) A100 cumulative through Q1 2022,Nvidia,China (official),1/1/2022,3/31/2022,9442,6097,14670,29946,19336,46526,A100,,,Estimates generated on: 03-26-2026 16:30,,
Other A100 cumulative through Q1 2022,Nvidia,Other,1/1/2022,3/31/2022,22240,11353,34060,70533,36007,108022,A100,,,"Excludes Microsoft, Meta, Amazon, Google, China (official). Estimates generated on: 03-26-2026 16:30",,
Microsoft A100 cumulative through Q2 2022,Nvidia,Microsoft,1/1/2022,6/30/2022,30865,18616,50664,97887,59043,160681,A100,,,Estimates generated on: 03-26-2026 16:30,,
Meta A100 cumulative through Q2 2022,Nvidia,Meta,1/1/2022,6/30/2022,16161,9624,27114,51256,30523,85992,A100,,,Estimates generated on: 03-26-2026 16:30,,
Amazon A100 cumulative through Q2 2022,Nvidia,Amazon,1/1/2022,6/30/2022,11699,7187,19627,37104,22794,62248,A100,,,Estimates generated on: 03-26-2026 16:30,,
Google A100 cumulative through Q2 2022,Nvidia,Google,1/1/2022,6/30/2022,11735,7065,19265,37219,22408,61099,A100,,,Estimates generated on: 03-26-2026 16:30,,
China (official) A100 cumulative through Q2 2022,Nvidia,China (official),1/1/2022,6/30/2022,19532,12612,30347,61947,40000,96245,A100,,,Estimates generated on: 03-26-2026 16:30,,
Other A100 cumulative through Q2 2022,Nvidia,Other,1/1/2022,6/30/2022,45943,24162,69694,145707,76630,221034,A100,,,"Excludes Microsoft, Meta, Amazon, Google, China (official). Estimates generated on: 03-26-2026 16:30",,
Microsoft A100 cumulative through Q3 2022,Nvidia,Microsoft,1/1/2022,9/30/2022,46199,28150,75532,146521,89278,239547,A100,,,Estimates generated on: 03-26-2026 16:30,,
Meta A100 cumulative through Q3 2022,Nvidia,Meta,1/1/2022,9/30/2022,24051,14599,39826,76280,46302,126308,A100,,,Estimates generated on: 03-26-2026 16:30,,
Amazon A100 cumulative through Q3 2022,Nvidia,Amazon,1/1/2022,9/30/2022,17534,10884,28907,55611,34519,91678,A100,,,Estimates generated on: 03-26-2026 16:30,,
Google A100 cumulative through Q3 2022,Nvidia,Google,1/1/2022,9/30/2022,17567,10756,28514,55715,34113,90432,A100,,,Estimates generated on: 03-26-2026 16:30,,
China (official) A100 cumulative through Q3 2022,Nvidia,China (official),1/1/2022,9/30/2022,22990,14845,35719,72914,47082,113284,A100,,,Estimates generated on: 03-26-2026 16:30,,
Other A100 cumulative through Q3 2022,Nvidia,Other,1/1/2022,9/30/2022,74402,42733,110542,235965,135526,350584,A100,,,"Excludes Microsoft, Meta, Amazon, Google, China (official). Estimates generated on: 03-26-2026 16:30",,
Microsoft H100/H200 cumulative through Q3 2022,Nvidia,Microsoft,1/1/2022,9/30/2022,1342,778,2304,1342,778,2304,H100/H200,,,Estimates generated on: 03-26-2026 16:30,,
Meta H100/H200 cumulative through Q3 2022,Nvidia,Meta,1/1/2022,9/30/2022,703,406,1214,703,406,1214,H100/H200,,,Estimates generated on: 03-26-2026 16:30,,
Amazon H100/H200 cumulative through Q3 2022,Nvidia,Amazon,1/1/2022,9/30/2022,514,296,876,514,296,876,H100/H200,,,Estimates generated on: 03-26-2026 16:30,,
Google H100/H200 cumulative through Q3 2022,Nvidia,Google,1/1/2022,9/30/2022,511,297,878,511,297,878,H100/H200,,,Estimates generated on: 03-26-2026 16:30,,
Other H100/H200 cumulative through Q3 2022,Nvidia,Other,1/1/2022,9/30/2022,2918,1850,3917,2918,1850,3917,H100/H200,,,"Excludes Microsoft, Meta, Amazon, Google, China (official). Estimates generated on: 03-26-2026 16:30",,
Microsoft A100 cumulative through Q4 2022,Nvidia,Microsoft,1/1/2022,12/31/2022,54891,34090,88627,174086,108118,281080,A100,,,Estimates generated on: 03-26-2026 16:30,,
Meta A100 cumulative through Q4 2022,Nvidia,Meta,1/1/2022,12/31/2022,28617,17749,46671,90758,56293,148018,A100,,,Estimates generated on: 03-26-2026 16:30,,
Amazon A100 cumulative through Q4 2022,Nvidia,Amazon,1/1/2022,12/31/2022,20883,13230,33866,66231,41960,107408,A100,,,Estimates generated on: 03-26-2026 16:30,,
Google A100 cumulative through Q4 2022,Nvidia,Google,1/1/2022,12/31/2022,20880,13060,33556,66221,41422,106424,A100,,,Estimates generated on: 03-26-2026 16:30,,
China (official) A100 cumulative through Q4 2022,Nvidia,China (official),1/1/2022,12/31/2022,22990,14845,35719,72914,47082,113284,A100,,,Estimates generated on: 03-26-2026 16:30,,
Other A100 cumulative through Q4 2022,Nvidia,Other,1/1/2022,12/31/2022,89575,54066,131778,284087,171470,417931,A100,,,"Excludes Microsoft, Meta, Amazon, Google, China (official). Estimates generated on: 03-26-2026 16:30",,
China (official) A800 cumulative through Q4 2022,Nvidia,China (official),1/1/2022,12/31/2022,8870,6784,11506,28132,21517,36492,A800,,,Estimates generated on: 03-26-2026 16:30,,
Microsoft H100/H200 cumulative through Q4 2022,Nvidia,Microsoft,1/1/2022,12/31/2022,10027,7156,14277,10027,7156,14277,H100/H200,,,Estimates generated on: 03-26-2026 16:30,,
Meta H100/H200 cumulative through Q4 2022,Nvidia,Meta,1/1/2022,12/31/2022,5263,3708,7374,5263,3708,7374,H100/H200,,,Estimates generated on: 03-26-2026 16:30,,
Amazon H100/H200 cumulative through Q4 2022,Nvidia,Amazon,1/1/2022,12/31/2022,3836,2701,5310,3836,2701,5310,H100/H200,,,Estimates generated on: 03-26-2026 16:30,,
Google H100/H200 cumulative through Q4 2022,Nvidia,Google,1/1/2022,12/31/2022,3828,2721,5394,3828,2721,5394,H100/H200,,,Estimates generated on: 03-26-2026 16:30,,
Other H100/H200 cumulative through Q4 2022,Nvidia,Other,1/1/2022,12/31/2022,15253,10743,19995,15253,10743,19995,H100/H200,,,"Excludes Microsoft, Meta, Amazon, Google, China (official). Estimates generated on: 03-26-2026 16:30",,
Microsoft A100 cumulative through Q1 2023,Nvidia,Microsoft,1/1/2022,3/31/2023,59987,37838,95416,190247,120002,302611,A100,,,Estimates generated on: 03-26-2026 16:30,,
Meta A100 cumulative through Q1 2023,Nvidia,Meta,1/1/2022,3/31/2023,31290,19765,50372,99235,62687,159754,A100,,,Estimates generated on: 03-26-2026 16:30,,
Amazon A100 cumulative through Q1 2023,Nvidia,Amazon,1/1/2022,3/31/2023,22803,14622,36455,72320,46373,115618,A100,,,Estimates generated on: 03-26-2026 16:30,,
Google A100 cumulative through Q1 2023,Nvidia,Google,1/1/2022,3/31/2023,22827,14537,36081,72396,46105,114432,A100,,,Estimates generated on: 03-26-2026 16:30,,
China (official) A100 cumulative through Q1 2023,Nvidia,China (official),1/1/2022,3/31/2023,22990,14845,35719,72914,47082,113284,A100,,,Estimates generated on: 03-26-2026 16:30,,
Other A100 cumulative through Q1 2023,Nvidia,Other,1/1/2022,3/31/2023,96407,59346,140868,305752,188217,446760,A100,,,"Excludes Microsoft, Meta, Amazon, Google, China (official). Estimates generated on: 03-26-2026 16:30",,
China (official) A800 cumulative through Q1 2023,Nvidia,China (official),1/1/2022,3/31/2023,18111,13852,23493,57439,43933,74508,A800,,,Estimates generated on: 03-26-2026 16:30,,
Microsoft H100/H200 cumulative through Q1 2023,Nvidia,Microsoft,1/1/2022,3/31/2023,25357,18728,34699,25357,18728,34699,H100/H200,,,Estimates generated on: 03-26-2026 16:30,,
Meta H100/H200 cumulative through Q1 2023,Nvidia,Meta,1/1/2022,3/31/2023,13325,9768,17964,13325,9768,17964,H100/H200,,,Estimates generated on: 03-26-2026 16:30,,
Amazon H100/H200 cumulative through Q1 2023,Nvidia,Amazon,1/1/2022,3/31/2023,9684,7164,13008,9684,7164,13008,H100/H200,,,Estimates generated on: 03-26-2026 16:30,,
Google H100/H200 cumulative through Q1 2023,Nvidia,Google,1/1/2022,3/31/2023,9690,7170,13082,9690,7170,13082,H100/H200,,,Estimates generated on: 03-26-2026 16:30,,
Other H100/H200 cumulative through Q1 2023,Nvidia,Other,1/1/2022,3/31/2023,36320,26317,46911,36320,26317,46911,H100/H200,,,"Excludes Microsoft, Meta, Amazon, Google, China (official). Estimates generated on: 03-26-2026 16:30",,
China (official) H800 cumulative through Q1 2023,Nvidia,China (official),1/1/2022,3/31/2023,7342,5923,9136,7342,5923,9136,H800,,,Estimates generated on: 03-26-2026 16:30,,
Microsoft A100 cumulative through Q2 2023,Nvidia,Microsoft,1/1/2022,6/30/2023,65513,41936,103014,207773,133001,326707,A100,,,Estimates generated on: 03-26-2026 16:30,,
Meta A100 cumulative through Q2 2023,Nvidia,Meta,1/1/2022,6/30/2023,34304,21931,54242,108796,69555,172030,A100,,,Estimates generated on: 03-26-2026 16:30,,
Amazon A100 cumulative through Q2 2023,Nvidia,Amazon,1/1/2022,6/30/2023,24906,16166,39337,78990,51271,124756,A100,,,Estimates generated on: 03-26-2026 16:30,,
Google A100 cumulative through Q2 2023,Nvidia,Google,1/1/2022,6/30/2023,24916,16092,38945,79023,51036,123513,A100,,,Estimates generated on: 03-26-2026 16:30,,
China (official) A100 cumulative through Q2 2023,Nvidia,China (official),1/1/2022,6/30/2023,22990,14845,35719,72914,47082,113284,A100,,,Estimates generated on: 03-26-2026 16:30,,
Other A100 cumulative through Q2 2023,Nvidia,Other,1/1/2022,6/30/2023,103906,65113,150913,329538,206505,478617,A100,,,"Excludes Microsoft, Meta, Amazon, Google, China (official). Estimates generated on: 03-26-2026 16:30",,
China (official) A800 cumulative through Q2 2023,Nvidia,China (official),1/1/2022,6/30/2023,26431,20216,34285,83825,64116,108736,A800,,,Estimates generated on: 03-26-2026 16:30,,
Microsoft H100/H200 cumulative through Q2 2023,Nvidia,Microsoft,1/1/2022,6/30/2023,66319,49598,89760,66319,49598,89760,H100/H200,,,Estimates generated on: 03-26-2026 16:30,,
Meta H100/H200 cumulative through Q2 2023,Nvidia,Meta,1/1/2022,6/30/2023,34884,25986,46979,34884,25986,46979,H100/H200,,,Estimates generated on: 03-26-2026 16:30,,
Amazon H100/H200 cumulative through Q2 2023,Nvidia,Amazon,1/1/2022,6/30/2023,25448,18851,33538,25448,18851,33538,H100/H200,,,Estimates generated on: 03-26-2026 16:30,,
Google H100/H200 cumulative through Q2 2023,Nvidia,Google,1/1/2022,6/30/2023,25355,19009,33816,25355,19009,33816,H100/H200,,,Estimates generated on: 03-26-2026 16:30,,
Other H100/H200 cumulative through Q2 2023,Nvidia,Other,1/1/2022,6/30/2023,92579,67676,119443,92579,67676,119443,H100/H200,,,"Excludes Microsoft, Meta, Amazon, Google, China (official). Estimates generated on: 03-26-2026 16:30",,
China (official) H800 cumulative through Q2 2023,Nvidia,China (official),1/1/2022,6/30/2023,39258,31670,48855,39258,31670,48855,H800,,,Estimates generated on: 03-26-2026 16:30,,
Microsoft A100 cumulative through Q3 2023,Nvidia,Microsoft,1/1/2022,9/30/2023,70277,45459,109621,222882,144174,347660,A100,,,Estimates generated on: 03-26-2026 16:30,,
Meta A100 cumulative through Q3 2023,Nvidia,Meta,1/1/2022,9/30/2023,36826,23765,57657,116793,75372,182859,A100,,,Estimates generated on: 03-26-2026 16:30,,
Amazon A100 cumulative through Q3 2023,Nvidia,Amazon,1/1/2022,9/30/2023,26739,17506,41777,84803,55520,132496,A100,,,Estimates generated on: 03-26-2026 16:30,,
Google A100 cumulative through Q3 2023,Nvidia,Google,1/1/2022,9/30/2023,26751,17379,41405,84840,55119,131316,A100,,,Estimates generated on: 03-26-2026 16:30,,
China (official) A100 cumulative through Q3 2023,Nvidia,China (official),1/1/2022,9/30/2023,22990,14845,35719,72914,47082,113284,A100,,,Estimates generated on: 03-26-2026 16:30,,
Other A100 cumulative through Q3 2023,Nvidia,Other,1/1/2022,9/30/2023,110252,69798,159597,349662,221365,506160,A100,,,"Excludes Microsoft, Meta, Amazon, Google, China (official). Estimates generated on: 03-26-2026 16:30",,
China (official) A800 cumulative through Q3 2023,Nvidia,China (official),1/1/2022,9/30/2023,35419,27091,45944,112331,85919,145712,A800,,,Estimates generated on: 03-26-2026 16:30,,
Microsoft H100/H200 cumulative through Q3 2023,Nvidia,Microsoft,1/1/2022,9/30/2023,137133,103021,183188,137133,103021,183188,H100/H200,,,Estimates generated on: 03-26-2026 16:30,,
Meta H100/H200 cumulative through Q3 2023,Nvidia,Meta,1/1/2022,9/30/2023,71981,53963,95903,71981,53963,95903,H100/H200,,,Estimates generated on: 03-26-2026 16:30,,
Amazon H100/H200 cumulative through Q3 2023,Nvidia,Amazon,1/1/2022,9/30/2023,52459,38841,69125,52459,38841,69125,H100/H200,,,Estimates generated on: 03-26-2026 16:30,,
Google H100/H200 cumulative through Q3 2023,Nvidia,Google,1/1/2022,9/30/2023,52387,39409,69948,52387,39409,69948,H100/H200,,,Estimates generated on: 03-26-2026 16:30,,
Other H100/H200 cumulative through Q3 2023,Nvidia,Other,1/1/2022,9/30/2023,188572,137395,243340,188572,137395,243340,H100/H200,,,"Excludes Microsoft, Meta, Amazon, Google, China (official). Estimates generated on: 03-26-2026 16:30",,
China (official) H800 cumulative through Q3 2023,Nvidia,China (official),1/1/2022,9/30/2023,95592,77116,118960,95592,77116,118960,H800,,,Estimates generated on: 03-26-2026 16:30,,
Microsoft A100 cumulative through Q4 2023,Nvidia,Microsoft,1/1/2022,12/31/2023,71586,46370,111369,227034,147063,353206,A100,,,Estimates generated on: 03-26-2026 16:30,,
Meta A100 cumulative through Q4 2023,Nvidia,Meta,1/1/2022,12/31/2023,37505,24298,58623,118947,77062,185922,A100,,,Estimates generated on: 03-26-2026 16:30,,
Amazon A100 cumulative through Q4 2023,Nvidia,Amazon,1/1/2022,12/31/2023,27246,17868,42474,86410,56669,134707,A100,,,Estimates generated on: 03-26-2026 16:30,,
Google A100 cumulative through Q4 2023,Nvidia,Google,1/1/2022,12/31/2023,27260,17727,42120,86455,56221,133583,A100,,,Estimates generated on: 03-26-2026 16:30,,
China (official) A100 cumulative through Q4 2023,Nvidia,China (official),1/1/2022,12/31/2023,22990,14845,35719,72914,47082,113284,A100,,,Estimates generated on: 03-26-2026 16:30,,
Other A100 cumulative through Q4 2023,Nvidia,Other,1/1/2022,12/31/2023,111983,71096,162075,355151,225480,514018,A100,,,"Excludes Microsoft, Meta, Amazon, Google, China (official). Estimates generated on: 03-26-2026 16:30",,
China (official) A800 cumulative through Q4 2023,Nvidia,China (official),1/1/2022,12/31/2023,38285,29283,49662,121421,92871,157504,A800,,,Estimates generated on: 03-26-2026 16:30,,
Microsoft H100/H200 cumulative through Q4 2023,Nvidia,Microsoft,1/1/2022,12/31/2023,235326,176657,311284,235326,176657,311284,H100/H200,,,Estimates generated on: 03-26-2026 16:30,,
Meta H100/H200 cumulative through Q4 2023,Nvidia,Meta,1/1/2022,12/31/2023,123565,92978,163742,123565,92978,163742,H100/H200,,,Estimates generated on: 03-26-2026 16:30,,
Amazon H100/H200 cumulative through Q4 2023,Nvidia,Amazon,1/1/2022,12/31/2023,89882,66862,118316,89882,66862,118316,H100/H200,,,Estimates generated on: 03-26-2026 16:30,,
Google H100/H200 cumulative through Q4 2023,Nvidia,Google,1/1/2022,12/31/2023,89768,67129,119424,89768,67129,119424,H100/H200,,,Estimates generated on: 03-26-2026 16:30,,
Other H100/H200 cumulative through Q4 2023,Nvidia,Other,1/1/2022,12/31/2023,385713,294462,485864,385713,294462,485864,H100/H200,,,"Excludes Microsoft, Meta, Amazon, Google, China (official). Estimates generated on: 03-26-2026 16:30",,
China (official) H800 cumulative through Q4 2023,Nvidia,China (official),1/1/2022,12/31/2023,115430,93121,143648,115430,93121,143648,H800,,,Estimates generated on: 03-26-2026 16:30,,
Microsoft A100 cumulative through Q1 2024,Nvidia,Microsoft,1/1/2022,3/31/2024,71586,46370,111369,227034,147063,353206,A100,,,Estimates generated on: 03-26-2026 16:30,,
Meta A100 cumulative through Q1 2024,Nvidia,Meta,1/1/2022,3/31/2024,37505,24298,58623,118947,77062,185922,A100,,,Estimates generated on: 03-26-2026 16:30,,
Amazon A100 cumulative through Q1 2024,Nvidia,Amazon,1/1/2022,3/31/2024,27246,17868,42474,86410,56669,134707,A100,,,Estimates generated on: 03-26-2026 16:30,,
Google A100 cumulative through Q1 2024,Nvidia,Google,1/1/2022,3/31/2024,27260,17727,42120,86455,56221,133583,A100,,,Estimates generated on: 03-26-2026 16:30,,
China (official) A100 cumulative through Q1 2024,Nvidia,China (official),1/1/2022,3/31/2024,22990,14845,35719,72914,47082,113284,A100,,,Estimates generated on: 03-26-2026 16:30,,
Other A100 cumulative through Q1 2024,Nvidia,Other,1/1/2022,3/31/2024,111983,71096,162075,355151,225480,514018,A100,,,"Excludes Microsoft, Meta, Amazon, Google, China (official). Estimates generated on: 03-26-2026 16:30",,
China (official) A800 cumulative through Q1 2024,Nvidia,China (official),1/1/2022,3/31/2024,38285,29283,49662,121421,92871,157504,A800,,,Estimates generated on: 03-26-2026 16:30,,
Microsoft H100/H200 cumulative through Q1 2024,Nvidia,Microsoft,1/1/2022,3/31/2024,368963,277904,491323,368963,277904,491323,H100/H200,,,Estimates generated on: 03-26-2026 16:30,,
Meta H100/H200 cumulative through Q1 2024,Nvidia,Meta,1/1/2022,3/31/2024,194998,146773,257306,194998,146773,257306,H100/H200,,,Estimates generated on: 03-26-2026 16:30,,
Amazon H100/H200 cumulative through Q1 2024,Nvidia,Amazon,1/1/2022,3/31/2024,141425,105270,185317,141425,105270,185317,H100/H200,,,Estimates generated on: 03-26-2026 16:30,,
Google H100/H200 cumulative through Q1 2024,Nvidia,Google,1/1/2022,3/31/2024,141015,106088,187666,141015,106088,187666,H100/H200,,,Estimates generated on: 03-26-2026 16:30,,
Other H100/H200 cumulative through Q1 2024,Nvidia,Other,1/1/2022,3/31/2024,625427,481087,784398,625427,481087,784398,H100/H200,,,"Excludes Microsoft, Meta, Amazon, Google, China (official). Estimates generated on: 03-26-2026 16:30",,
China (official) H800 cumulative through Q1 2024,Nvidia,China (official),1/1/2022,3/31/2024,115430,93121,143648,115430,93121,143648,H800,,,Estimates generated on: 03-26-2026 16:30,,
China (official) H20 cumulative through Q1 2024,Nvidia,China (official),1/1/2022,3/31/2024,20748,15963,26991,138719,106730,180461,H20,,,Estimates generated on: 03-26-2026 16:30,,
Microsoft A100 cumulative through Q2 2024,Nvidia,Microsoft,1/1/2022,6/30/2024,71586,46370,111369,227034,147063,353206,A100,,,Estimates generated on: 03-26-2026 16:30,,
Meta A100 cumulative through Q2 2024,Nvidia,Meta,1/1/2022,6/30/2024,37505,24298,58623,118947,77062,185922,A100,,,Estimates generated on: 03-26-2026 16:30,,
Amazon A100 cumulative through Q2 2024,Nvidia,Amazon,1/1/2022,6/30/2024,27246,17868,42474,86410,56669,134707,A100,,,Estimates generated on: 03-26-2026 16:30,,
Google A100 cumulative through Q2 2024,Nvidia,Google,1/1/2022,6/30/2024,27260,17727,42120,86455,56221,133583,A100,,,Estimates generated on: 03-26-2026 16:30,,
China (official) A100 cumulative through Q2 2024,Nvidia,China (official),1/1/2022,6/30/2024,22990,14845,35719,72914,47082,113284,A100,,,Estimates generated on: 03-26-2026 16:30,,
Other A100 cumulative through Q2 2024,Nvidia,Other,1/1/2022,6/30/2024,111983,71096,162075,355151,225480,514018,A100,,,"Excludes Microsoft, Meta, Amazon, Google, China (official). Estimates generated on: 03-26-2026 16:30",,
China (official) A800 cumulative through Q2 2024,Nvidia,China (official),1/1/2022,6/30/2024,38285,29283,49662,121421,92871,157504,A800,,,Estimates generated on: 03-26-2026 16:30,,
Microsoft H100/H200 cumulative through Q2 2024,Nvidia,Microsoft,1/1/2022,6/30/2024,534139,404247,705664,534139,404247,705664,H100/H200,,,Estimates generated on: 03-26-2026 16:30,,
Meta H100/H200 cumulative through Q2 2024,Nvidia,Meta,1/1/2022,6/30/2024,281569,211424,371365,281569,211424,371365,H100/H200,,,Estimates generated on: 03-26-2026 16:30,,
Amazon H100/H200 cumulative through Q2 2024,Nvidia,Amazon,1/1/2022,6/30/2024,204666,153253,266838,204666,153253,266838,H100/H200,,,Estimates generated on: 03-26-2026 16:30,,
Google H100/H200 cumulative through Q2 2024,Nvidia,Google,1/1/2022,6/30/2024,203878,153863,268979,203878,153863,268979,H100/H200,,,Estimates generated on: 03-26-2026 16:30,,
Other H100/H200 cumulative through Q2 2024,Nvidia,Other,1/1/2022,6/30/2024,896509,689194,1121259,896509,689194,1121259,H100/H200,,,"Excludes Microsoft, Meta, Amazon, Google, China (official). Estimates generated on: 03-26-2026 16:30",,
China (official) H800 cumulative through Q2 2024,Nvidia,China (official),1/1/2022,6/30/2024,115430,93121,143648,115430,93121,143648,H800,,,Estimates generated on: 03-26-2026 16:30,,
China (official) H20 cumulative through Q2 2024,Nvidia,China (official),1/1/2022,6/30/2024,54112,41633,70394,361784,278354,470647,H20,,,Estimates generated on: 03-26-2026 16:30,,
Microsoft A100 cumulative through Q3 2024,Nvidia,Microsoft,1/1/2022,9/30/2024,71586,46370,111369,227034,147063,353206,A100,,,Estimates generated on: 03-26-2026 16:30,,
Meta A100 cumulative through Q3 2024,Nvidia,Meta,1/1/2022,9/30/2024,37505,24298,58623,118947,77062,185922,A100,,,Estimates generated on: 03-26-2026 16:30,,
Amazon A100 cumulative through Q3 2024,Nvidia,Amazon,1/1/2022,9/30/2024,27246,17868,42474,86410,56669,134707,A100,,,Estimates generated on: 03-26-2026 16:30,,
Google A100 cumulative through Q3 2024,Nvidia,Google,1/1/2022,9/30/2024,27260,17727,42120,86455,56221,133583,A100,,,Estimates generated on: 03-26-2026 16:30,,
China (official) A100 cumulative through Q3 2024,Nvidia,China (official),1/1/2022,9/30/2024,22990,14845,35719,72914,47082,113284,A100,,,Estimates generated on: 03-26-2026 16:30,,
Other A100 cumulative through Q3 2024,Nvidia,Other,1/1/2022,9/30/2024,111983,71096,162075,355151,225480,514018,A100,,,"Excludes Microsoft, Meta, Amazon, Google, China (official). Estimates generated on: 03-26-2026 16:30",,
China (official) A800 cumulative through Q3 2024,Nvidia,China (official),1/1/2022,9/30/2024,38285,29283,49662,121421,92871,157504,A800,,,Estimates generated on: 03-26-2026 16:30,,
Microsoft H100/H200 cumulative through Q3 2024,Nvidia,Microsoft,1/1/2022,9/30/2024,733776,557648,973835,733776,557648,973835,H100/H200,,,Estimates generated on: 03-26-2026 16:30,,
Meta H100/H200 cumulative through Q3 2024,Nvidia,Meta,1/1/2022,9/30/2024,386911,291247,508623,386911,291247,508623,H100/H200,,,Estimates generated on: 03-26-2026 16:30,,
Amazon H100/H200 cumulative through Q3 2024,Nvidia,Amazon,1/1/2022,9/30/2024,281626,211673,366322,281626,211673,366322,H100/H200,,,Estimates generated on: 03-26-2026 16:30,,
Google H100/H200 cumulative through Q3 2024,Nvidia,Google,1/1/2022,9/30/2024,280548,212887,368331,280548,212887,368331,H100/H200,,,Estimates generated on: 03-26-2026 16:30,,
Other H100/H200 cumulative through Q3 2024,Nvidia,Other,1/1/2022,9/30/2024,1229535,944363,1533291,1229535,944363,1533291,H100/H200,,,"Excludes Microsoft, Meta, Amazon, Google, China (official). Estimates generated on: 03-26-2026 16:30",,
China (official) H800 cumulative through Q3 2024,Nvidia,China (official),1/1/2022,9/30/2024,115430,93121,143648,115430,93121,143648,H800,,,Estimates generated on: 03-26-2026 16:30,,
China (official) H20 cumulative through Q3 2024,Nvidia,China (official),1/1/2022,9/30/2024,94832,72963,123367,634031,487819,824815,H20,,,Estimates generated on: 03-26-2026 16:30,,
Microsoft A100 cumulative through Q4 2024,Nvidia,Microsoft,1/1/2022,12/31/2024,71586,46370,111369,227034,147063,353206,A100,,,Estimates generated on: 03-26-2026 16:30,,
Meta A100 cumulative through Q4 2024,Nvidia,Meta,1/1/2022,12/31/2024,37505,24298,58623,118947,77062,185922,A100,,,Estimates generated on: 03-26-2026 16:30,,
Amazon A100 cumulative through Q4 2024,Nvidia,Amazon,1/1/2022,12/31/2024,27246,17868,42474,86410,56669,134707,A100,,,Estimates generated on: 03-26-2026 16:30,,
Google A100 cumulative through Q4 2024,Nvidia,Google,1/1/2022,12/31/2024,27260,17727,42120,86455,56221,133583,A100,,,Estimates generated on: 03-26-2026 16:30,,
China (official) A100 cumulative through Q4 2024,Nvidia,China (official),1/1/2022,12/31/2024,22990,14845,35719,72914,47082,113284,A100,,,Estimates generated on: 03-26-2026 16:30,,
Other A100 cumulative through Q4 2024,Nvidia,Other,1/1/2022,12/31/2024,111983,71096,162075,355151,225480,514018,A100,,,"Excludes Microsoft, Meta, Amazon, Google, China (official). Estimates generated on: 03-26-2026 16:30",,
China (official) A800 cumulative through Q4 2024,Nvidia,China (official),1/1/2022,12/31/2024,38285,29283,49662,121421,92871,157504,A800,,,Estimates generated on: 03-26-2026 16:30,,
Microsoft H100/H200 cumulative through Q4 2024,Nvidia,Microsoft,1/1/2022,12/31/2024,917002,697821,1218295,917002,697821,1218295,H100/H200,,,Estimates generated on: 03-26-2026 16:30,,
Meta H100/H200 cumulative through Q4 2024,Nvidia,Meta,1/1/2022,12/31/2024,488451,369212,639015,488451,369212,639015,H100/H200,,,Estimates generated on: 03-26-2026 16:30,,
Amazon H100/H200 cumulative through Q4 2024,Nvidia,Amazon,1/1/2022,12/31/2024,357744,271032,465672,357744,271032,465672,H100/H200,,,Estimates generated on: 03-26-2026 16:30,,
Google H100/H200 cumulative through Q4 2024,Nvidia,Google,1/1/2022,12/31/2024,356467,271205,468412,356467,271205,468412,H100/H200,,,Estimates generated on: 03-26-2026 16:30,,
Other H100/H200 cumulative through Q4 2024,Nvidia,Other,1/1/2022,12/31/2024,1468327,1121621,1841658,1468327,1121621,1841658,H100/H200,,,"Excludes Microsoft, Meta, Amazon, Google, China (official). Estimates generated on: 03-26-2026 16:30",,
China (official) H800 cumulative through Q4 2024,Nvidia,China (official),1/1/2022,12/31/2024,115430,93121,143648,115430,93121,143648,H800,,,Estimates generated on: 03-26-2026 16:30,,
China (official) H20 cumulative through Q4 2024,Nvidia,China (official),1/1/2022,12/31/2024,143350,110292,186484,958411,737396,1246803,H20,,,Estimates generated on: 03-26-2026 16:30,,
Microsoft B200 cumulative through Q4 2024,Nvidia,Microsoft,1/1/2022,12/31/2024,140011,101276,196157,55416,40085,77639,B200,,,Estimates generated on: 03-26-2026 16:30,,
Meta B200 cumulative through Q4 2024,Nvidia,Meta,1/1/2022,12/31/2024,79051,57342,110301,31288,22696,43657,B200,,,Estimates generated on: 03-26-2026 16:30,,
Amazon B200 cumulative through Q4 2024,Nvidia,Amazon,1/1/2022,12/31/2024,61035,44365,85043,24157,17559,33660,B200,,,Estimates generated on: 03-26-2026 16:30,,
Google B200 cumulative through Q4 2024,Nvidia,Google,1/1/2022,12/31/2024,60927,43893,84511,24115,17372,33449,B200,,,Estimates generated on: 03-26-2026 16:30,,
Other B200 cumulative through Q4 2024,Nvidia,Other,1/1/2022,12/31/2024,161870,101223,220278,64068,40064,87186,B200,,,"Excludes Microsoft, Meta, Amazon, Google, China (official). Estimates generated on: 03-26-2026 16:30",,
Microsoft A100 cumulative through Q1 2025,Nvidia,Microsoft,1/1/2022,3/31/2025,71586,46370,111369,227034,147063,353206,A100,,,Estimates generated on: 03-26-2026 16:30,,
Meta A100 cumulative through Q1 2025,Nvidia,Meta,1/1/2022,3/31/2025,37505,24298,58623,118947,77062,185922,A100,,,Estimates generated on: 03-26-2026 16:30,,
Amazon A100 cumulative through Q1 2025,Nvidia,Amazon,1/1/2022,3/31/2025,27246,17868,42474,86410,56669,134707,A100,,,Estimates generated on: 03-26-2026 16:30,,
Google A100 cumulative through Q1 2025,Nvidia,Google,1/1/2022,3/31/2025,27260,17727,42120,86455,56221,133583,A100,,,Estimates generated on: 03-26-2026 16:30,,
China (official) A100 cumulative through Q1 2025,Nvidia,China (official),1/1/2022,3/31/2025,22990,14845,35719,72914,47082,113284,A100,,,Estimates generated on: 03-26-2026 16:30,,
Other A100 cumulative through Q1 2025,Nvidia,Other,1/1/2022,3/31/2025,111983,71096,162075,355151,225480,514018,A100,,,"Excludes Microsoft, Meta, Amazon, Google, China (official). Estimates generated on: 03-26-2026 16:30",,
China (official) A800 cumulative through Q1 2025,Nvidia,China (official),1/1/2022,3/31/2025,38285,29283,49662,121421,92871,157504,A800,,,Estimates generated on: 03-26-2026 16:30,,
Microsoft H100/H200 cumulative through Q1 2025,Nvidia,Microsoft,1/1/2022,3/31/2025,1003644,764637,1329334,1003644,764637,1329334,H100/H200,,,Estimates generated on: 03-26-2026 16:30,,
Meta H100/H200 cumulative through Q1 2025,Nvidia,Meta,1/1/2022,3/31/2025,539962,409820,705678,539962,409820,705678,H100/H200,,,Estimates generated on: 03-26-2026 16:30,,
Amazon H100/H200 cumulative through Q1 2025,Nvidia,Amazon,1/1/2022,3/31/2025,397752,301349,517910,397752,301349,517910,H100/H200,,,Estimates generated on: 03-26-2026 16:30,,
Google H100/H200 cumulative through Q1 2025,Nvidia,Google,1/1/2022,3/31/2025,395777,301580,519985,395777,301580,519985,H100/H200,,,Estimates generated on: 03-26-2026 16:30,,
Other H100/H200 cumulative through Q1 2025,Nvidia,Other,1/1/2022,3/31/2025,1574691,1200229,1983173,1574691,1200229,1983173,H100/H200,,,"Excludes Microsoft, Meta, Amazon, Google, China (official). Estimates generated on: 03-26-2026 16:30",,
China (official) H800 cumulative through Q1 2025,Nvidia,China (official),1/1/2022,3/31/2025,115430,93121,143648,115430,93121,143648,H800,,,Estimates generated on: 03-26-2026 16:30,,
China (official) H20 cumulative through Q1 2025,Nvidia,China (official),1/1/2022,3/31/2025,197446,151914,256859,1320088,1015668,1717311,H20,,,Estimates generated on: 03-26-2026 16:30,,
Microsoft B200 cumulative through Q1 2025,Nvidia,Microsoft,1/1/2022,3/31/2025,479145,356254,643913,189645,141005,254861,B200,,,Estimates generated on: 03-26-2026 16:30,,
Meta B200 cumulative through Q1 2025,Nvidia,Meta,1/1/2022,3/31/2025,285254,212672,385002,112903,84175,152383,B200,,,Estimates generated on: 03-26-2026 16:30,,
Amazon B200 cumulative through Q1 2025,Nvidia,Amazon,1/1/2022,3/31/2025,219810,164286,296263,87001,65024,117261,B200,,,Estimates generated on: 03-26-2026 16:30,,
Google B200 cumulative through Q1 2025,Nvidia,Google,1/1/2022,3/31/2025,219976,162112,294189,87066,64164,116440,B200,,,Estimates generated on: 03-26-2026 16:30,,
Other B200 cumulative through Q1 2025,Nvidia,Other,1/1/2022,3/31/2025,607581,414976,804959,240480,164247,318603,B200,,,"Excludes Microsoft, Meta, Amazon, Google, China (official). Estimates generated on: 03-26-2026 16:30",,
Microsoft A100 cumulative through Q2 2025,Nvidia,Microsoft,1/1/2022,6/30/2025,71586,46370,111369,227034,147063,353206,A100,,,Estimates generated on: 03-26-2026 16:30,,
Meta A100 cumulative through Q2 2025,Nvidia,Meta,1/1/2022,6/30/2025,37505,24298,58623,118947,77062,185922,A100,,,Estimates generated on: 03-26-2026 16:30,,
Amazon A100 cumulative through Q2 2025,Nvidia,Amazon,1/1/2022,6/30/2025,27246,17868,42474,86410,56669,134707,A100,,,Estimates generated on: 03-26-2026 16:30,,
Google A100 cumulative through Q2 2025,Nvidia,Google,1/1/2022,6/30/2025,27260,17727,42120,86455,56221,133583,A100,,,Estimates generated on: 03-26-2026 16:30,,
China (official) A100 cumulative through Q2 2025,Nvidia,China (official),1/1/2022,6/30/2025,22990,14845,35719,72914,47082,113284,A100,,,Estimates generated on: 03-26-2026 16:30,,
Other A100 cumulative through Q2 2025,Nvidia,Other,1/1/2022,6/30/2025,111983,71096,162075,355151,225480,514018,A100,,,"Excludes Microsoft, Meta, Amazon, Google, China (official). Estimates generated on: 03-26-2026 16:30",,
China (official) A800 cumulative through Q2 2025,Nvidia,China (official),1/1/2022,6/30/2025,38285,29283,49662,121421,92871,157504,A800,,,Estimates generated on: 03-26-2026 16:30,,
Microsoft H100/H200 cumulative through Q2 2025,Nvidia,Microsoft,1/1/2022,6/30/2025,1059443,807558,1399949,1059443,807558,1399949,H100/H200,,,Estimates generated on: 03-26-2026 16:30,,
Meta H100/H200 cumulative through Q2 2025,Nvidia,Meta,1/1/2022,6/30/2025,573324,435201,748724,573324,435201,748724,H100/H200,,,Estimates generated on: 03-26-2026 16:30,,
Amazon H100/H200 cumulative through Q2 2025,Nvidia,Amazon,1/1/2022,6/30/2025,422861,320969,549970,422861,320969,549970,H100/H200,,,Estimates generated on: 03-26-2026 16:30,,
Google H100/H200 cumulative through Q2 2025,Nvidia,Google,1/1/2022,6/30/2025,421466,320542,553494,421466,320542,553494,H100/H200,,,Estimates generated on: 03-26-2026 16:30,,
Other H100/H200 cumulative through Q2 2025,Nvidia,Other,1/1/2022,6/30/2025,1663188,1269025,2091073,1663188,1269025,2091073,H100/H200,,,"Excludes Microsoft, Meta, Amazon, Google, China (official). Estimates generated on: 03-26-2026 16:30",,
China (official) H800 cumulative through Q2 2025,Nvidia,China (official),1/1/2022,6/30/2025,115430,93121,143648,115430,93121,143648,H800,,,Estimates generated on: 03-26-2026 16:30,,
China (official) H20 cumulative through Q2 2025,Nvidia,China (official),1/1/2022,6/30/2025,220284,169485,286569,1472781,1133149,1915950,H20,,,Estimates generated on: 03-26-2026 16:30,,
Microsoft B200 cumulative through Q2 2025,Nvidia,Microsoft,1/1/2022,6/30/2025,746152,560264,995341,295327,221752,393956,B200,,,Estimates generated on: 03-26-2026 16:30,,
Meta B200 cumulative through Q2 2025,Nvidia,Meta,1/1/2022,6/30/2025,446277,334862,596467,176636,132538,236081,B200,,,Estimates generated on: 03-26-2026 16:30,,
Amazon B200 cumulative through Q2 2025,Nvidia,Amazon,1/1/2022,6/30/2025,343559,258245,459436,135980,102213,181844,B200,,,Estimates generated on: 03-26-2026 16:30,,
Google B200 cumulative through Q2 2025,Nvidia,Google,1/1/2022,6/30/2025,344059,257026,456714,136178,101730,180767,B200,,,Estimates generated on: 03-26-2026 16:30,,
Other B200 cumulative through Q2 2025,Nvidia,Other,1/1/2022,6/30/2025,1023598,726933,1326511,405140,287720,525033,B200,,,"Excludes Microsoft, Meta, Amazon, Google, China (official). Estimates generated on: 03-26-2026 16:30",,
Microsoft B300 cumulative through Q2 2025,Nvidia,Microsoft,1/1/2022,6/30/2025,127497,91709,178416,50463,36298,70617,B300,,,Estimates generated on: 03-26-2026 16:30,,
Meta B300 cumulative through Q2 2025,Nvidia,Meta,1/1/2022,6/30/2025,75304,54432,104822,29805,21544,41488,B300,,,Estimates generated on: 03-26-2026 16:30,,
Amazon B300 cumulative through Q2 2025,Nvidia,Amazon,1/1/2022,6/30/2025,57748,41718,80090,22857,16512,31699,B300,,,Estimates generated on: 03-26-2026 16:30,,
Google B300 cumulative through Q2 2025,Nvidia,Google,1/1/2022,6/30/2025,58222,41497,80245,23044,16424,31760,B300,,,Estimates generated on: 03-26-2026 16:30,,
Other B300 cumulative through Q2 2025,Nvidia,Other,1/1/2022,6/30/2025,220231,158720,282569,87167,62821,111841,B300,,,"Excludes Microsoft, Meta, Amazon, Google, China (official). Estimates generated on: 03-26-2026 16:30",,
Microsoft A100 cumulative through Q3 2025,Nvidia,Microsoft,1/1/2022,9/30/2025,71586,46370,111369,227034,147063,353206,A100,,,Estimates generated on: 03-26-2026 16:30,,
Meta A100 cumulative through Q3 2025,Nvidia,Meta,1/1/2022,9/30/2025,37505,24298,58623,118947,77062,185922,A100,,,Estimates generated on: 03-26-2026 16:30,,
Amazon A100 cumulative through Q3 2025,Nvidia,Amazon,1/1/2022,9/30/2025,27246,17868,42474,86410,56669,134707,A100,,,Estimates generated on: 03-26-2026 16:30,,
Google A100 cumulative through Q3 2025,Nvidia,Google,1/1/2022,9/30/2025,27260,17727,42120,86455,56221,133583,A100,,,Estimates generated on: 03-26-2026 16:30,,
China (official) A100 cumulative through Q3 2025,Nvidia,China (official),1/1/2022,9/30/2025,22990,14845,35719,72914,47082,113284,A100,,,Estimates generated on: 03-26-2026 16:30,,
Other A100 cumulative through Q3 2025,Nvidia,Other,1/1/2022,9/30/2025,111983,71096,162075,355151,225480,514018,A100,,,"Excludes Microsoft, Meta, Amazon, Google, China (official). Estimates generated on: 03-26-2026 16:30",,
China (official) A800 cumulative through Q3 2025,Nvidia,China (official),1/1/2022,9/30/2025,38285,29283,49662,121421,92871,157504,A800,,,Estimates generated on: 03-26-2026 16:30,,
Microsoft H100/H200 cumulative through Q3 2025,Nvidia,Microsoft,1/1/2022,9/30/2025,1088658,830243,1437884,1088658,830243,1437884,H100/H200,,,Estimates generated on: 03-26-2026 16:30,,
Meta H100/H200 cumulative through Q3 2025,Nvidia,Meta,1/1/2022,9/30/2025,591275,448875,770352,591275,448875,770352,H100/H200,,,Estimates generated on: 03-26-2026 16:30,,
Amazon H100/H200 cumulative through Q3 2025,Nvidia,Amazon,1/1/2022,9/30/2025,436098,330836,566060,436098,330836,566060,H100/H200,,,Estimates generated on: 03-26-2026 16:30,,
Google H100/H200 cumulative through Q3 2025,Nvidia,Google,1/1/2022,9/30/2025,434596,330918,569930,434596,330918,569930,H100/H200,,,Estimates generated on: 03-26-2026 16:30,,
Other H100/H200 cumulative through Q3 2025,Nvidia,Other,1/1/2022,9/30/2025,1717979,1311265,2157853,1717979,1311265,2157853,H100/H200,,,"Excludes Microsoft, Meta, Amazon, Google, China (official). Estimates generated on: 03-26-2026 16:30",,
China (official) H800 cumulative through Q3 2025,Nvidia,China (official),1/1/2022,9/30/2025,115430,93121,143648,115430,93121,143648,H800,,,Estimates generated on: 03-26-2026 16:30,,
China (official) H20 cumulative through Q3 2025,Nvidia,China (official),1/1/2022,9/30/2025,222844,171455,289900,1489899,1146319,1938218,H20,,,Estimates generated on: 03-26-2026 16:30,,
Microsoft B200 cumulative through Q3 2025,Nvidia,Microsoft,1/1/2022,9/30/2025,945553,713829,1250138,374249,282533,494804,B200,,,Estimates generated on: 03-26-2026 16:30,,
Meta B200 cumulative through Q3 2025,Nvidia,Meta,1/1/2022,9/30/2025,567872,430430,751902,224763,170364,297602,B200,,,Estimates generated on: 03-26-2026 16:30,,
Amazon B200 cumulative through Q3 2025,Nvidia,Amazon,1/1/2022,9/30/2025,429492,325326,571439,169993,128764,226175,B200,,,Estimates generated on: 03-26-2026 16:30,,
Google B200 cumulative through Q3 2025,Nvidia,Google,1/1/2022,9/30/2025,430499,323248,567686,170391,127941,224690,B200,,,Estimates generated on: 03-26-2026 16:30,,
Other B200 cumulative through Q3 2025,Nvidia,Other,1/1/2022,9/30/2025,1404099,1037473,1788992,555742,410632,708083,B200,,,"Excludes Microsoft, Meta, Amazon, Google, China (official). Estimates generated on: 03-26-2026 16:30",,
Microsoft B300 cumulative through Q3 2025,Nvidia,Microsoft,1/1/2022,9/30/2025,433629,320592,583394,171630,126890,230907,B300,,,Estimates generated on: 03-26-2026 16:30,,
Meta B300 cumulative through Q3 2025,Nvidia,Meta,1/1/2022,9/30/2025,262408,194707,356680,103861,77065,141174,B300,,,Estimates generated on: 03-26-2026 16:30,,
Amazon B300 cumulative through Q3 2025,Nvidia,Amazon,1/1/2022,9/30/2025,189559,140547,256681,75027,55628,101594,B300,,,Estimates generated on: 03-26-2026 16:30,,
Google B300 cumulative through Q3 2025,Nvidia,Google,1/1/2022,9/30/2025,190470,142088,255467,75388,56238,101113,B300,,,Estimates generated on: 03-26-2026 16:30,,
Other B300 cumulative through Q3 2025,Nvidia,Other,1/1/2022,9/30/2025,824038,634736,1034930,326154,251228,409625,B300,,,"Excludes Microsoft, Meta, Amazon, Google, China (official). Estimates generated on: 03-26-2026 16:30",,
Microsoft A100 cumulative through Q4 2025,Nvidia,Microsoft,1/1/2022,12/31/2025,71586,46370,111369,227034,147063,353206,A100,,,Estimates generated on: 03-26-2026 16:30,,
Meta A100 cumulative through Q4 2025,Nvidia,Meta,1/1/2022,12/31/2025,37505,24298,58623,118947,77062,185922,A100,,,Estimates generated on: 03-26-2026 16:30,,
Amazon A100 cumulative through Q4 2025,Nvidia,Amazon,1/1/2022,12/31/2025,27246,17868,42474,86410,56669,134707,A100,,,Estimates generated on: 03-26-2026 16:30,,
Google A100 cumulative through Q4 2025,Nvidia,Google,1/1/2022,12/31/2025,27260,17727,42120,86455,56221,133583,A100,,,Estimates generated on: 03-26-2026 16:30,,
China (official) A100 cumulative through Q4 2025,Nvidia,China (official),1/1/2022,12/31/2025,22990,14845,35719,72914,47082,113284,A100,,,Estimates generated on: 03-26-2026 16:30,,
Other A100 cumulative through Q4 2025,Nvidia,Other,1/1/2022,12/31/2025,111983,71096,162075,355151,225480,514018,A100,,,"Excludes Microsoft, Meta, Amazon, Google, China (official). Estimates generated on: 03-26-2026 16:30",,
China (official) A800 cumulative through Q4 2025,Nvidia,China (official),1/1/2022,12/31/2025,38285,29283,49662,121421,92871,157504,A800,,,Estimates generated on: 03-26-2026 16:30,,
Microsoft H100/H200 cumulative through Q4 2025,Nvidia,Microsoft,1/1/2022,12/31/2025,1093460,834492,1444563,1093460,834492,1444563,H100/H200,,,Estimates generated on: 03-26-2026 16:30,,
Meta H100/H200 cumulative through Q4 2025,Nvidia,Meta,1/1/2022,12/31/2025,594470,451396,774476,594470,451396,774476,H100/H200,,,Estimates generated on: 03-26-2026 16:30,,
Amazon H100/H200 cumulative through Q4 2025,Nvidia,Amazon,1/1/2022,12/31/2025,438314,332562,568923,438314,332562,568923,H100/H200,,,Estimates generated on: 03-26-2026 16:30,,
Google H100/H200 cumulative through Q4 2025,Nvidia,Google,1/1/2022,12/31/2025,436892,332611,572762,436892,332611,572762,H100/H200,,,Estimates generated on: 03-26-2026 16:30,,
Other H100/H200 cumulative through Q4 2025,Nvidia,Other,1/1/2022,12/31/2025,1728689,1319189,2171629,1728689,1319189,2171629,H100/H200,,,"Excludes Microsoft, Meta, Amazon, Google, China (official). Estimates generated on: 03-26-2026 16:30",,
China (official) H800 cumulative through Q4 2025,Nvidia,China (official),1/1/2022,12/31/2025,115430,93121,143648,115430,93121,143648,H800,,,Estimates generated on: 03-26-2026 16:30,,
China (official) H20 cumulative through Q4 2025,Nvidia,China (official),1/1/2022,12/31/2025,222844,171455,289900,1489899,1146319,1938218,H20,,,Estimates generated on: 03-26-2026 16:30,,
Microsoft B200 cumulative through Q4 2025,Nvidia,Microsoft,1/1/2022,12/31/2025,1169149,887011,1540010,462749,351079,609536,B200,,,Estimates generated on: 03-26-2026 16:30,,
Meta B200 cumulative through Q4 2025,Nvidia,Meta,1/1/2022,12/31/2025,703618,534302,928048,278492,211477,367321,B200,,,Estimates generated on: 03-26-2026 16:30,,
Amazon B200 cumulative through Q4 2025,Nvidia,Amazon,1/1/2022,12/31/2025,516494,393708,685214,204428,155829,271207,B200,,,Estimates generated on: 03-26-2026 16:30,,
Google B200 cumulative through Q4 2025,Nvidia,Google,1/1/2022,12/31/2025,517582,390962,679165,204859,154742,268813,B200,,,Estimates generated on: 03-26-2026 16:30,,
Other B200 cumulative through Q4 2025,Nvidia,Other,1/1/2022,12/31/2025,1919990,1462601,2411684,759932,578897,954544,B200,,,"Excludes Microsoft, Meta, Amazon, Google, China (official). Estimates generated on: 03-26-2026 16:30",,
Microsoft B300 cumulative through Q4 2025,Nvidia,Microsoft,1/1/2022,12/31/2025,833457,626970,1107281,329882,248154,438261,B300,,,Estimates generated on: 03-26-2026 16:30,,
Meta B300 cumulative through Q4 2025,Nvidia,Meta,1/1/2022,12/31/2025,504337,376532,679802,199616,149031,269065,B300,,,Estimates generated on: 03-26-2026 16:30,,
Amazon B300 cumulative through Q4 2025,Nvidia,Amazon,1/1/2022,12/31/2025,344536,258105,462249,136367,102157,182958,B300,,,Estimates generated on: 03-26-2026 16:30,,
Google B300 cumulative through Q4 2025,Nvidia,Google,1/1/2022,12/31/2025,345201,260206,459595,136630,102989,181908,B300,,,Estimates generated on: 03-26-2026 16:30,,
Other B300 cumulative through Q4 2025,Nvidia,Other,1/1/2022,12/31/2025,1739920,1378051,2160717,688660,545432,855211,B300,,,"Excludes Microsoft, Meta, Amazon, Google, China (official). Estimates generated on: 03-26-2026 16:30",,
Microsoft A100 cumulative through Q1 2026,Nvidia,Microsoft,1/1/2022,3/31/2026,71586,46370,111369,227034,147063,353206,A100,checked,,Incomplete: based on Nvidia fiscal quarters ending 1/25/2026. Estimates generated on: 03-26-2026 16:30,,
Meta A100 cumulative through Q1 2026,Nvidia,Meta,1/1/2022,3/31/2026,37505,24298,58623,118947,77062,185922,A100,checked,,Incomplete: based on Nvidia fiscal quarters ending 1/25/2026. Estimates generated on: 03-26-2026 16:30,,
Amazon A100 cumulative through Q1 2026,Nvidia,Amazon,1/1/2022,3/31/2026,27246,17868,42474,86410,56669,134707,A100,checked,,Incomplete: based on Nvidia fiscal quarters ending 1/25/2026. Estimates generated on: 03-26-2026 16:30,,
Google A100 cumulative through Q1 2026,Nvidia,Google,1/1/2022,3/31/2026,27260,17727,42120,86455,56221,133583,A100,checked,,Incomplete: based on Nvidia fiscal quarters ending 1/25/2026. Estimates generated on: 03-26-2026 16:30,,
China (official) A100 cumulative through Q1 2026,Nvidia,China (official),1/1/2022,3/31/2026,22990,14845,35719,72914,47082,113284,A100,checked,,Incomplete: based on Nvidia fiscal quarters ending 1/25/2026. Estimates generated on: 03-26-2026 16:30,,
Other A100 cumulative through Q1 2026,Nvidia,Other,1/1/2022,3/31/2026,111983,71096,162075,355151,225480,514018,A100,checked,,"Excludes Microsoft, Meta, Amazon, Google, China (official). Incomplete: based on Nvidia fiscal quarters ending 1/25/2026. Estimates generated on: 03-26-2026 16:30",,
China (official) A800 cumulative through Q1 2026,Nvidia,China (official),1/1/2022,3/31/2026,38285,29283,49662,121421,92871,157504,A800,checked,,Incomplete: based on Nvidia fiscal quarters ending 1/25/2026. Estimates generated on: 03-26-2026 16:30,,
Microsoft H100/H200 cumulative through Q1 2026,Nvidia,Microsoft,1/1/2022,3/31/2026,1093460,834492,1444563,1093460,834492,1444563,H100/H200,checked,,Incomplete: based on Nvidia fiscal quarters ending 1/25/2026. Estimates generated on: 03-26-2026 16:30,,
Meta H100/H200 cumulative through Q1 2026,Nvidia,Meta,1/1/2022,3/31/2026,594470,451396,774476,594470,451396,774476,H100/H200,checked,,Incomplete: based on Nvidia fiscal quarters ending 1/25/2026. Estimates generated on: 03-26-2026 16:30,,
Amazon H100/H200 cumulative through Q1 2026,Nvidia,Amazon,1/1/2022,3/31/2026,438314,332562,568923,438314,332562,568923,H100/H200,checked,,Incomplete: based on Nvidia fiscal quarters ending 1/25/2026. Estimates generated on: 03-26-2026 16:30,,
Google H100/H200 cumulative through Q1 2026,Nvidia,Google,1/1/2022,3/31/2026,436892,332611,572762,436892,332611,572762,H100/H200,checked,,Incomplete: based on Nvidia fiscal quarters ending 1/25/2026. Estimates generated on: 03-26-2026 16:30,,
Other H100/H200 cumulative through Q1 2026,Nvidia,Other,1/1/2022,3/31/2026,1728689,1319189,2171629,1728689,1319189,2171629,H100/H200,checked,,"Excludes Microsoft, Meta, Amazon, Google, China (official). Incomplete: based on Nvidia fiscal quarters ending 1/25/2026. Estimates generated on: 03-26-2026 16:30",,
China (official) H800 cumulative through Q1 2026,Nvidia,China (official),1/1/2022,3/31/2026,115430,93121,143648,115430,93121,143648,H800,checked,,Incomplete: based on Nvidia fiscal quarters ending 1/25/2026. Estimates generated on: 03-26-2026 16:30,,
China (official) H20 cumulative through Q1 2026,Nvidia,China (official),1/1/2022,3/31/2026,222844,171455,289900,1489899,1146319,1938218,H20,checked,,Incomplete: based on Nvidia fiscal quarters ending 1/25/2026. Estimates generated on: 03-26-2026 16:30,,
Microsoft B200 cumulative through Q1 2026,Nvidia,Microsoft,1/1/2022,3/31/2026,1233530,934594,1623247,488231,369912,642481,B200,checked,,Incomplete: based on Nvidia fiscal quarters ending 1/25/2026. Estimates generated on: 03-26-2026 16:30,,
Meta B200 cumulative through Q1 2026,Nvidia,Meta,1/1/2022,3/31/2026,742349,564615,979193,293821,223474,387564,B200,checked,,Incomplete: based on Nvidia fiscal quarters ending 1/25/2026. Estimates generated on: 03-26-2026 16:30,,
Amazon B200 cumulative through Q1 2026,Nvidia,Amazon,1/1/2022,3/31/2026,541019,412529,717275,214135,163279,283897,B200,checked,,Incomplete: based on Nvidia fiscal quarters ending 1/25/2026. Estimates generated on: 03-26-2026 16:30,,
Google B200 cumulative through Q1 2026,Nvidia,Google,1/1/2022,3/31/2026,541679,409548,712903,214396,162099,282167,B200,checked,,Incomplete: based on Nvidia fiscal quarters ending 1/25/2026. Estimates generated on: 03-26-2026 16:30,,
Other B200 cumulative through Q1 2026,Nvidia,Other,1/1/2022,3/31/2026,2072431,1592623,2597141,820268,630360,1027948,B200,checked,,"Excludes Microsoft, Meta, Amazon, Google, China (official). Incomplete: based on Nvidia fiscal quarters ending 1/25/2026. Estimates generated on: 03-26-2026 16:30",,
Microsoft B300 cumulative through Q1 2026,Nvidia,Microsoft,1/1/2022,3/31/2026,944951,713305,1255028,374011,282326,496740,B300,checked,,Incomplete: based on Nvidia fiscal quarters ending 1/25/2026. Estimates generated on: 03-26-2026 16:30,,
Meta B300 cumulative through Q1 2026,Nvidia,Meta,1/1/2022,3/31/2026,572400,425705,770317,226556,168494,304891,B300,checked,,Incomplete: based on Nvidia fiscal quarters ending 1/25/2026. Estimates generated on: 03-26-2026 16:30,,
Amazon B300 cumulative through Q1 2026,Nvidia,Amazon,1/1/2022,3/31/2026,386726,289592,518257,153066,114620,205126,B300,checked,,Incomplete: based on Nvidia fiscal quarters ending 1/25/2026. Estimates generated on: 03-26-2026 16:30,,
Google B300 cumulative through Q1 2026,Nvidia,Google,1/1/2022,3/31/2026,387820,292923,516257,153499,115939,204334,B300,checked,,Incomplete: based on Nvidia fiscal quarters ending 1/25/2026. Estimates generated on: 03-26-2026 16:30,,
Other B300 cumulative through Q1 2026,Nvidia,Other,1/1/2022,3/31/2026,2009433,1595645,2491654,795333,631556,986196,B300,checked,,"Excludes Microsoft, Meta, Amazon, Google, China (official). Incomplete: based on Nvidia fiscal quarters ending 1/25/2026. Estimates generated on: 03-26-2026 16:30",,
