Name,Chip manufacturer,Owner,Chip type,Start date,End date,Compute estimate in H100e (median),H100e (5th percentile),H100e (95th percentile),Number of Units,Number of Units (5th percentile),Number of Units (95th percentile),Source / Link,Notes,Last Modified By,Last Modified,Incomplete
xAI B200 cumulative through Q3 2025,Nvidia,xAI,B200,1/1/24,9/30/25,350000,,,140000,,,https://epoch.ai/data/data-centers/satellite-explorer/xAIColossus2,30k B200 at Colossus 1 (Jul 22) + 110k B200 delivered to Colossus 2 by September,,,
xAI B200 cumulative through Q4 2025,Nvidia,xAI,B200,1/1/24,12/31/25,350000,,,140000,,,https://epoch.ai/data/data-centers/satellite-explorer/xAIColossus2,550k total Blackwells per Musk. B200/B300 split (220k/330k) is Epoch estimate based on projected chip sales trends.,,,
xAI H100 cumulative through Q3 2024,Nvidia,xAI,H100/H200,1/1/24,9/30/24,100000,,,100000,,,https://epoch.ai/data/data-centers/satellite-explorer/xAIColossus1,"100k H100s online at Colossus 1 as of Sep 2 2024, per company disclosure.",,,
xAI H100 cumulative through Q4 2024,Nvidia,xAI,H100/H200,1/1/24,12/31/24,100000,,,100000,,,https://epoch.ai/data/data-centers/satellite-explorer/xAIColossus1,100k H100s online at Colossus 1 as of Sep 2 2024,,,
xAI H100 cumulative through Q1 2025,Nvidia,xAI,H100/H200,1/1/24,3/31/25,200000,,,200000,,,https://epoch.ai/data/data-centers/satellite-explorer/xAIColossus1,150k H100s and 50k H200s,,,
xAI H100 cumulative through Q3 2025,Nvidia,xAI,H100/H200,1/1/24,9/30/25,200000,,,200000,,,https://epoch.ai/data/data-centers/satellite-explorer/xAIColossus1,No change from Q1 2025.,,,
xAI H100 cumulative through Q4 2025,Nvidia,xAI,H100/H200,1/1/24,12/31/25,200000,,,200000,,,https://epoch.ai/data/data-centers/satellite-explorer/xAIColossus1,No change from Q1 2025.,,,
,,,,,,,,,,,,,,,,
,,,,,,,,,,,,,,,,
,,,,,,,,,,,,,,,,